<?xml version="1.0" encoding="UTF-8"?>
<project-private xmlns="http://www.netbeans.org/ns/project-private/1">
    <editor-bookmarks xmlns="http://www.netbeans.org/ns/editor-bookmarks/2" lastBookmarkId="0"/>
    <open-files xmlns="http://www.netbeans.org/ns/projectui-open-files/2">
        <group>
            <file>file:/C:/Users/LesC/Downloads/FinalProject-Tristin-4-17-v3/FinalProject-Tristin-4-17-v3/CS341_FinalProject/CS341_FinalProject/src/FramePackage/ssFrame.java</file>
            <file>file:/C:/Users/LesC/Downloads/FinalProject-Tristin-4-17-v3/FinalProject-Tristin-4-17-v3/CS341_FinalProject/CS341_FinalProject/src/GamePackage/SimonSays.java</file>
            <file>file:/C:/Users/LesC/Downloads/FinalProject-Tristin-4-17-v3/FinalProject-Tristin-4-17-v3/CS341_FinalProject/CS341_FinalProject/src/MainPackage/Menu.java</file>
        </group>
    </open-files>
</project-private>
